IDm,学籍番号
012E44A7A518527D,S002
012E44A7A518807A,S004
012E44A7A515A75C,S006
012E44A7A5158B31,S007
012E44A7A5157F61,S013
012E44A7A5156A5A,S014
012E44A7A5123042,S022
012E44A7A5123C39,S023
012E44A7A5185F32,S025
012E44A7A518712C,S034
012E44A7A5187159,S035
012E44A7A5185BA4,S036
012E44A7A515317D,S041
012E44A7A5116953,S042
012E44A7A5152584,S047
012E44A7A5155770,S055
012E44A7A515235C,S060
012E44A7A515A494,S065
012E44A7A5188758,S066
012E44A7A5188329,S069
012E44A7A515305C,S070
012E44A7A5157E58,S076
012E44A7A5159335,S077
012E44A7A5182058,S083
012E44A7A518AB94,S086
012E44A7A51832AB,S089
012E44A7A518A145,S090